{
	"info": {
		"_postman_id": "f9f8d330-e603-4207-a5c9-901abb99e10e",
		"name": "Verifica",
		"schema": "https://schema.getpostman.com/json/collection/v2.1.0/collection.json",
		"_exporter_id": "34156919"
	},
	"item": [
		{
			"name": "Get token",
			"request": {
				"method": "POST",
				"header": [
					{
						"key": "Accept",
						"value": "application/json",
						"type": "text"
					}
				],
				"url": {
					"raw": "http://127.0.0.1:8000/api/get-token?email=a@email.com&password=1234",
					"protocol": "http",
					"host": [
						"127",
						"0",
						"0",
						"1"
					],
					"port": "8000",
					"path": [
						"api",
						"get-token"
					],
					"query": [
						{
							"key": "email",
							"value": "a@email.com"
						},
						{
							"key": "password",
							"value": "1234"
						}
					]
				}
			},
			"response": []
		},
		{
			"name": "Store post",
			"request": {
				"auth": {
					"type": "bearer",
					"bearer": [
						{
							"key": "token",
							"value": "1|iveDEDKNbq0mFrdBCUf3LkWDefO2ECeZHMpzgyTn9ba53a9d",
							"type": "string"
						}
					]
				},
				"method": "POST",
				"header": [
					{
						"key": "Accept",
						"value": "application/json",
						"type": "text"
					}
				],
				"url": {
					"raw": "http://127.0.0.1:8000/api/post?title=aaa&content=ggg&category_id=1",
					"protocol": "http",
					"host": [
						"127",
						"0",
						"0",
						"1"
					],
					"port": "8000",
					"path": [
						"api",
						"post"
					],
					"query": [
						{
							"key": "title",
							"value": "aaa"
						},
						{
							"key": "content",
							"value": "ggg"
						},
						{
							"key": "category_id",
							"value": "1"
						}
					]
				}
			},
			"response": []
		},
		{
			"name": "Update post",
			"request": {
				"auth": {
					"type": "bearer",
					"bearer": [
						{
							"key": "token",
							"value": "1|iveDEDKNbq0mFrdBCUf3LkWDefO2ECeZHMpzgyTn9ba53a9d",
							"type": "string"
						}
					]
				},
				"method": "PUT",
				"header": [
					{
						"key": "Accept",
						"value": "application/json",
						"type": "text"
					}
				],
				"body": {
					"mode": "urlencoded",
					"urlencoded": [
						{
							"key": "title",
							"value": "A",
							"type": "text"
						},
						{
							"key": "content",
							"value": "mod",
							"type": "text"
						},
						{
							"key": "category_id",
							"value": "1",
							"type": "text"
						}
					]
				},
				"url": {
					"raw": "http://127.0.0.1:8000/api/post/3",
					"protocol": "http",
					"host": [
						"127",
						"0",
						"0",
						"1"
					],
					"port": "8000",
					"path": [
						"api",
						"post",
						"3"
					],
					"query": [
						{
							"key": "content",
							"value": "modifica 2",
							"disabled": true
						}
					]
				}
			},
			"response": []
		},
		{
			"name": "Index post",
			"request": {
				"auth": {
					"type": "bearer",
					"bearer": [
						{
							"key": "token",
							"value": "1|iveDEDKNbq0mFrdBCUf3LkWDefO2ECeZHMpzgyTn9ba53a9d",
							"type": "string"
						}
					]
				},
				"method": "GET",
				"header": [
					{
						"key": "Accept",
						"value": "application/json",
						"type": "text"
					}
				],
				"url": {
					"raw": "http://127.0.0.1:8000/api/post",
					"protocol": "http",
					"host": [
						"127",
						"0",
						"0",
						"1"
					],
					"port": "8000",
					"path": [
						"api",
						"post"
					]
				}
			},
			"response": []
		},
		{
			"name": "Index categories",
			"request": {
				"auth": {
					"type": "bearer",
					"bearer": [
						{
							"key": "token",
							"value": "1|iveDEDKNbq0mFrdBCUf3LkWDefO2ECeZHMpzgyTn9ba53a9d",
							"type": "string"
						}
					]
				},
				"method": "GET",
				"header": [
					{
						"key": "Accept",
						"value": "application/json",
						"type": "text"
					}
				],
				"url": {
					"raw": "http://127.0.0.1:8000/api/categories",
					"protocol": "http",
					"host": [
						"127",
						"0",
						"0",
						"1"
					],
					"port": "8000",
					"path": [
						"api",
						"categories"
					]
				}
			},
			"response": []
		},
		{
			"name": "Show post",
			"request": {
				"auth": {
					"type": "bearer",
					"bearer": [
						{
							"key": "token",
							"value": "1|iveDEDKNbq0mFrdBCUf3LkWDefO2ECeZHMpzgyTn9ba53a9d",
							"type": "string"
						}
					]
				},
				"method": "GET",
				"header": [
					{
						"key": "Accept",
						"value": "application/json",
						"type": "text"
					}
				],
				"url": {
					"raw": "http://127.0.0.1:8000/api/post/2",
					"protocol": "http",
					"host": [
						"127",
						"0",
						"0",
						"1"
					],
					"port": "8000",
					"path": [
						"api",
						"post",
						"2"
					]
				}
			},
			"response": []
		},
		{
			"name": "Show number of post for category",
			"request": {
				"auth": {
					"type": "bearer",
					"bearer": [
						{
							"key": "token",
							"value": "1|iveDEDKNbq0mFrdBCUf3LkWDefO2ECeZHMpzgyTn9ba53a9d",
							"type": "string"
						}
					]
				},
				"method": "GET",
				"header": [
					{
						"key": "Accept",
						"value": "application/json",
						"type": "text"
					}
				],
				"url": {
					"raw": "http://127.0.0.1:8000/api/post/category/1",
					"protocol": "http",
					"host": [
						"127",
						"0",
						"0",
						"1"
					],
					"port": "8000",
					"path": [
						"api",
						"post",
						"category",
						"1"
					]
				}
			},
			"response": []
		},
		{
			"name": "Show by title",
			"request": {
				"auth": {
					"type": "bearer",
					"bearer": [
						{
							"key": "token",
							"value": "1|iveDEDKNbq0mFrdBCUf3LkWDefO2ECeZHMpzgyTn9ba53a9d",
							"type": "string"
						}
					]
				},
				"method": "GET",
				"header": [
					{
						"key": "Accept",
						"value": "application/json",
						"type": "text"
					}
				],
				"url": {
					"raw": "http://127.0.0.1:8000/api/post/title/a",
					"protocol": "http",
					"host": [
						"127",
						"0",
						"0",
						"1"
					],
					"port": "8000",
					"path": [
						"api",
						"post",
						"title",
						"a"
					]
				}
			},
			"response": []
		},
		{
			"name": "Destroypost",
			"request": {
				"auth": {
					"type": "bearer",
					"bearer": [
						{
							"key": "token",
							"value": "1|iveDEDKNbq0mFrdBCUf3LkWDefO2ECeZHMpzgyTn9ba53a9d",
							"type": "string"
						}
					]
				},
				"method": "DELETE",
				"header": [
					{
						"key": "Accept",
						"value": "application/json",
						"type": "text"
					}
				],
				"url": {
					"raw": "http://127.0.0.1:8000/api/post/3",
					"protocol": "http",
					"host": [
						"127",
						"0",
						"0",
						"1"
					],
					"port": "8000",
					"path": [
						"api",
						"post",
						"3"
					]
				}
			},
			"response": []
		}
	]
}