{
  "hash": "c047514b",
  "configHash": "60709be2",
  "lockfileHash": "0a3b7b35",
  "browserHash": "025bb5a7",
  "optimized": {
    "@angular/common": {
      "src": "../../../../../node_modules/@angular/common/fesm2022/common.mjs",
      "file": "@angular_common.js",
      "fileHash": "96f76efc",
      "needsInterop": false
    },
    "@angular/common/http": {
      "src": "../../../../../node_modules/@angular/common/fesm2022/http.mjs",
      "file": "@angular_common_http.js",
      "fileHash": "e0a69bd0",
      "needsInterop": false
    },
    "@angular/core": {
      "src": "../../../../../node_modules/@angular/core/fesm2022/core.mjs",
      "file": "@angular_core.js",
      "fileHash": "65d3e6fa",
      "needsInterop": false
    },
    "@angular/platform-browser": {
      "src": "../../../../../node_modules/@angular/platform-browser/fesm2022/platform-browser.mjs",
      "file": "@angular_platform-browser.js",
      "fileHash": "1472ccfd",
      "needsInterop": false
    },
    "@angular/router": {
      "src": "../../../../../node_modules/@angular/router/fesm2022/router.mjs",
      "file": "@angular_router.js",
      "fileHash": "0bb88f88",
      "needsInterop": false
    }
  },
  "chunks": {
    "chunk-RJX2L5XH": {
      "file": "chunk-RJX2L5XH.js"
    },
    "chunk-5D47TYUK": {
      "file": "chunk-5D47TYUK.js"
    },
    "chunk-VUKEB2EN": {
      "file": "chunk-VUKEB2EN.js"
    },
    "chunk-BNOYPYPL": {
      "file": "chunk-BNOYPYPL.js"
    }
  }
}